{"MDI.TO": {"timestamp": 1767906037.3981743, "z_score": 5.4, "roic": 0.06604712405181547, "int_cov": NaN}, "BHC.TO": {"timestamp": 1767906037.3981743, "z_score": 0.08, "roic": 0.0786505487835719, "int_cov": 1.12}, "PAAS.TO": {"timestamp": 1767906037.3981743, "z_score": 8.02, "roic": 0.07356078395260678, "int_cov": 10.07}, "L.TO": {"timestamp": 1767906037.3981743, "z_score": 3.52, "roic": 0.13533937895026107, "int_cov": 4.59}, "SU.TO": {"timestamp": 1767906037.3981743, "z_score": 2.34, "roic": 0.11236509482900414, "int_cov": 12.8}, "CLS.TO": {"timestamp": 1767906037.3981743, "z_score": 8.88, "roic": 0.19694620466495888, "int_cov": 11.21}, "OGI.TO": {"timestamp": 1767906037.3981743, "z_score": 0.1, "roic": -0.03508755836459872, "int_cov": NaN}, "NWC.TO": {"timestamp": 1767906037.3981743, "z_score": 4.76, "roic": 0.1676380731744117, "int_cov": 11.2}, "IMG.TO": {"timestamp": 1767906037.3981743, "z_score": 5.26, "roic": 0.202039885567395, "int_cov": 374.85}, "PBH.TO": {"timestamp": 1767906037.3981743, "z_score": 2.11, "roic": 0.07513703270308554, "int_cov": 1.85}, "PET.TO": {"timestamp": 1767906037.3981743, "z_score": 2.77, "roic": 0.21010132089697411, "int_cov": 3.77}, "FRU.TO": {"timestamp": 1767906037.3981743, "z_score": 3.94, "roic": 0.14277152399503135, "int_cov": 13.41}, "DSG.TO": {"timestamp": 1767906037.3981743, "z_score": 24.51, "roic": 0.13467756650961962, "int_cov": 191.87}, "ATZ.TO": {"timestamp": 1767906037.3981743, "z_score": 8.4, "roic": 0.1755757298863614, "int_cov": 6.99}, "ACO-X.TO": {"timestamp": 1767906037.3981743, "z_score": 0.84, "roic": 0.05741189558583972, "int_cov": 2.65}, "ATS.TO": {"timestamp": 1767906037.3981743, "z_score": 1.75, "roic": 0.004377344546352089, "int_cov": 0.16}, "MSA.TO": {"timestamp": 1767906037.3981743, "z_score": 8.31, "roic": 0.31475544836916564, "int_cov": 18.14}, "POU.TO": {"timestamp": 1767906037.3981743, "z_score": 3.15, "roic": 0.096045197740113, "int_cov": 51.87}, "SVM.TO": {"timestamp": 1767906037.3981743, "z_score": 6.66, "roic": 0.10347437214026256, "int_cov": 22.11}, "CMG.TO": {"timestamp": 1767906037.3981743, "z_score": 3.4, "roic": 0.25438667066507703, "int_cov": 18.35}, "EFX.TO": {"timestamp": 1767906037.3981743, "z_score": 2.06, "roic": 0.09787234042553192, "int_cov": 1.79}, "NEO.TO": {"timestamp": 1767906037.3981743, "z_score": 2.85, "roic": 0.017811545104963782, "int_cov": 4.76}, "TECK-B.TO": {"timestamp": 1767906037.3981743, "z_score": 1.92, "roic": 0.0013359270630698198, "int_cov": 0.07}, "SSRM.TO": {"timestamp": 1767906037.3981743, "z_score": 3.21, "roic": -0.06150849180798219, "int_cov": -23.47}, "BDGI.TO": {"timestamp": 1767906037.3981743, "z_score": 5.73, "roic": 0.15631311014411023, "int_cov": 5.63}, "ASM.TO": {"timestamp": 1767906037.3981743, "z_score": 34.8, "roic": 0.11119037070965708, "int_cov": 38.26}, "HSTR.V": {"timestamp": 1767906037.3981743, "z_score": 8.4, "roic": 0.3032071168820496, "int_cov": 14.52}, "DPM.TO": {"timestamp": 1767906037.3981743, "z_score": 47.13, "roic": 0.20758993480693627, "int_cov": 176.88}, "ELD.TO": {"timestamp": 1767906037.3981743, "z_score": 3.44, "roic": 0.08399019142721594, "int_cov": 22.64}, "LMN.V": {"timestamp": 1767906037.3981743, "z_score": 6.79, "roic": -0.20498082501046588, "int_cov": -11.05}, "CEU.TO": {"timestamp": 1767906037.3981743, "z_score": 4.73, "roic": 0.22001879041200503, "int_cov": 7.88}, "MTL.TO": {"timestamp": 1767906037.3981743, "z_score": 2.04, "roic": 0.09534155395395622, "int_cov": 4.18}, "WPM.TO": {"timestamp": 1767906037.3981743, "z_score": 284.39, "roic": 0.08717134510523596, "int_cov": 2269.82}, "LIF.TO": {"timestamp": 1767906037.3981743, "z_score": 7.56, "roic": 0.2025771426949564, "int_cov": 100}, "FNV.TO": {"timestamp": 1767906037.3981743, "z_score": 109.33, "roic": 0.1219882163215124, "int_cov": 7640.0}, "CIA.TO": {"timestamp": 1767906037.3981743, "z_score": 2.69, "roic": 0.11139729869037053, "int_cov": 9.17}, "AFN.TO": {"timestamp": 1767906037.3981743, "z_score": 1.11, "roic": 0.052601128903394974, "int_cov": 0.92}, "ARIS.TO": {"timestamp": 1767906037.3981743, "z_score": 3.6, "roic": 0.05734075417771962, "int_cov": 3.9}, "AQN.TO": {"timestamp": 1767906037.3981743, "z_score": 0.35, "roic": 0.03663303726953359, "int_cov": 1.46}, "FAR.TO": {"timestamp": 1767906037.3981743, "z_score": 3.13, "roic": 0.27829236977256055, "int_cov": 5.44}, "DBM.TO": {"timestamp": 1767906037.3981743, "z_score": 2.15, "roic": 0.06292970921513173, "int_cov": 2.16}, "LUG.TO": {"timestamp": 1767906037.3981743, "z_score": 57.1, "roic": 0.6657070381397079, "int_cov": 3.65}, "TCW.TO": {"timestamp": 1767906037.3981743, "z_score": 5.68, "roic": 0.270264100775392, "int_cov": 59.65}, "K.TO": {"timestamp": 1767906037.3981743, "z_score": 8.11, "roic": 0.15622864718780277, "int_cov": 30.33}, "ELVA.TO": {"timestamp": 1767407978.192661, "z_score": 8.18, "roic": 0.07267933077080199, "int_cov": 1.5}, "CU.TO": {"timestamp": 1767906037.3981743, "z_score": 0.98, "roic": 0.0499889404998894, "int_cov": 2.23}, "TCL-A.TO": {"timestamp": 1767906037.3981743, "z_score": 2.49, "roic": 0.10131267648630085, "int_cov": 6.08}, "ABX.TO": {"timestamp": 1767906037.3981743, "z_score": 5.28, "roic": 0.11183976524986662, "int_cov": 11.89}, "MX.TO": {"timestamp": 1767906037.3981743, "z_score": 2.02, "roic": 0.07033988864100786, "int_cov": 3.11}, "CAS.TO": {"timestamp": 1767906037.3981743, "z_score": 1.56, "roic": 0.02811142346026067, "int_cov": 0.8}, "TFPM.TO": {"timestamp": 1767906037.3981743, "z_score": 174.76, "roic": -0.004103616311874839, "int_cov": -1.27}, "OGC.TO": {"timestamp": 1767906037.3981743, "z_score": 11.23, "roic": 0.12365270834288859, "int_cov": 12.14}, "AGI.TO": {"timestamp": 1767906037.3981743, "z_score": 8.76, "roic": 0.10531680665416293, "int_cov": 35.88}, "FVI.TO": {"timestamp": 1767906037.3981743, "z_score": 5.07, "roic": 0.12973950566361012, "int_cov": 8.31}, "ATH.TO": {"timestamp": 1767906037.3981743, "z_score": 4.52, "roic": 0.2997214552115851, "int_cov": 13.06}, "MRU.TO": {"timestamp": 1767906037.3981743, "z_score": 4.13, "roic": 0.1188809508553854, "int_cov": 9.05}, "SOBO.TO": {"timestamp": 1767906037.3981743, "z_score": 0.98, "roic": 0.08423913043478261, "int_cov": 2.08}, "DNG.TO": {"timestamp": 1767906037.3981743, "z_score": 10.12, "roic": 0.2589991741176859, "int_cov": 68.99}, "CURA.TO": {"timestamp": 1767906037.3981743, "z_score": 0.64, "roic": -0.006641523634931299, "int_cov": -0.17}, "TI.TO": {"timestamp": 1767906037.3981743, "z_score": 4.22, "roic": 0.5793817769865675, "int_cov": 2.67}, "PNG.V": {"timestamp": 1767407978.192661, "z_score": 32.02, "roic": 0.08881420682622776, "int_cov": 36.38}, "MATR.TO": {"timestamp": 1767906037.3981743, "z_score": 1.3, "roic": 0.03223053188501134, "int_cov": 1.55}, "IMO.TO": {"timestamp": 1767906037.3981743, "z_score": 4.36, "roic": 0.17477943836798307, "int_cov": 153.17}, "KNT.TO": {"timestamp": 1767906037.3981743, "z_score": 24.83, "roic": 0.3081050724570081, "int_cov": 456.18}, "EFN.TO": {"timestamp": 1767906037.3981743, "z_score": 1.87, "roic": 0.04533094137694382, "int_cov": 339.53}, "SCZ.V": {"timestamp": 1767906037.3981743, "z_score": 5.62, "roic": 0.7875841769611559, "int_cov": 87.35}, "WN.TO": {"timestamp": 1767906037.3981743, "z_score": 2.29, "roic": 0.11913450172174539, "int_cov": 3.76}, "VNP.TO": {"timestamp": 1767906037.3981743, "z_score": 5.14, "roic": 0.10358504042019304, "int_cov": 3.57}, "GIL.TO": {"timestamp": 1767906037.3981743, "z_score": 6.5, "roic": 0.20834352689989546, "int_cov": 7.02}, "AEM.TO": {"timestamp": 1767906037.3981743, "z_score": 9.25, "roic": 0.10212560447209704, "int_cov": 33.63}, "MRE.TO": {"timestamp": 1767906037.3981743, "z_score": 1.91, "roic": 0.047649973844140714, "int_cov": 1.69}, "CCL-B.TO": {"timestamp": 1767906037.3981743, "z_score": 3.96, "roic": 0.1427904079725942, "int_cov": 10.75}, "GRGD.TO": {"timestamp": 1767906037.3981743, "z_score": 14.38, "roic": 0.45968974857503697, "int_cov": 6.57}, "CVE.TO": {"timestamp": 1767906037.3981743, "z_score": 2.58,